VARIABLE_INDEX,VARIABLE_NAME,VALUES_COUNT,VALUE_INDEX,VALUE_NAME,FULLY_QUALIFIED_NAME
2,Offer_Price_317,1,,,Global_Product_Line.Offer_Price_317
,,,0,]-inf;inf[,
3,Original_Price_318,1,,,Global_Product_Line.Original_Price_318
,,,0,]-inf;inf[,
156,Offer_Price_ET,399,,,Global_Product_Line.Sliding_Stem_Family.Sliding_Stem_Valves.E_Pkg_Box_Size.easy_e.Cage_Guided_E.T_Trim.ET.Offer_Price_ET
,,,0,]-inf;50[,
,,,1,50,
,,,2,]50;468[,
,,,3,468,
,,,4,]468;1040[,
,,,5,1040,
,,,6,]1040;1165[,
,,,7,1165,
,,,8,]1165;1462[,
,,,9,1462,
,,,10,]1462;1663[,
,,,11,1663,
,,,12,]1663;1673[,
,,,13,1673,
,,,14,]1673;2092[,
,,,15,2092,
,,,16,]2092;2199[,
,,,17,2199,
,,,18,]2199;2537[,
,,,19,2537,
,,,20,]2537;2707[,
,,,21,2707,
,,,22,]2707;2965[,
,,,23,2965,
,,,24,]2965;3028[,
,,,25,3028,
,,,26,]3028;3063[,
,,,27,3063,
,,,28,]3063;3236[,
,,,29,3236,
,,,30,]3236;3876[,
,,,31,3876,
,,,32,]3876;3878[,
,,,33,3878,
,,,34,]3878;4058[,
,,,35,4058,
,,,36,]4058;4432[,
,,,37,4432,
,,,38,]4432;4684[,
,,,39,4684,
,,,40,]4684;5162[,
,,,41,5162,
,,,42,]5162;5230[,
,,,43,5230,
,,,44,]5230;5748[,
,,,45,5748,
,,,46,]5748;6280[,
,,,47,6280,
,,,48,]6280;6288[,
,,,49,6288,
,,,50,]6288;6558[,
,,,51,6558,
,,,52,]6558;7185[,
,,,53,7185,
,,,54,]7185;7460[,
,,,55,7460,
,,,56,]7460;8077[,
,,,57,8077,
,,,58,]8077;8709[,
,,,59,8709,
,,,60,]8709;9250[,
,,,61,9250,
,,,62,]9250;9906[,
,,,63,9906,
,,,64,]9906;10592[,
,,,65,10592,
,,,66,]10592;11197[,
,,,67,11197,
,,,68,]11197;11275[,
,,,69,11275,
,,,70,]11275;12098[,
,,,71,12098,
,,,72,]12098;12570[,
,,,73,12570,
,,,74,]12570;12812[,
,,,75,12812,
,,,76,]12812;13001[,
,,,77,13001,
,,,78,]13001;13277[,
,,,79,13277,
,,,80,]13277;13381[,
,,,81,13381,
,,,82,]13381;14208[,
,,,83,14208,
,,,84,]14208;14491[,
,,,85,14491,
,,,86,]14491;15526[,
,,,87,15526,
,,,88,]15526;15582[,
,,,89,15582,
,,,90,]15582;15614[,
,,,91,15614,
,,,92,]15614;16441[,
,,,93,16441,
,,,94,]16441;16581[,
,,,95,16581,
,,,96,]16581;16792[,
,,,97,16792,
,,,98,]16792;17060[,
,,,99,17060,
,,,100,]17060;17202[,
,,,101,17202,
,,,102,]17202;17264[,
,,,103,17264,
,,,104,]17264;17428[,
,,,105,17428,
,,,106,]17428;17470[,
,,,107,17470,
,,,108,]17470;17568[,
,,,109,17568,
,,,110,]17568;17631[,
,,,111,17631,
,,,112,]17631;17787[,
,,,113,17787,
,,,114,]17787;17876[,
,,,115,17876,
,,,116,]17876;17973[,
,,,117,17973,
,,,118,]17973;18104[,
,,,119,18104,
,,,120,]18104;18197[,
,,,121,18197,
,,,122,]18197;18295[,
,,,123,18295,
,,,124,]18295;18583[,
,,,125,18583,
,,,126,]18583;18770[,
,,,127,18770,
,,,128,]18770;18835[,
,,,129,18835,
,,,130,]18835;19011[,
,,,131,19011,
,,,132,]19011;19048[,
,,,133,19048,
,,,134,]19048;19087[,
,,,135,19087,
,,,136,]19087;19147[,
,,,137,19147,
,,,138,]19147;19244[,
,,,139,19244,
,,,140,]19244;19266[,
,,,141,19266,
,,,142,]19266;19268[,
,,,143,19268,
,,,144,]19268;19331[,
,,,145,19331,
,,,146,]19331;19344[,
,,,147,19344,
,,,148,]19344;19361[,
,,,149,19361,
,,,150,]19361;19371[,
,,,151,19371,
,,,152,]19371;19407[,
,,,153,19407,
,,,154,]19407;19429[,
,,,155,19429,
,,,156,]19429;19470[,
,,,157,19470,
,,,158,]19470;19533[,
,,,159,19533,
,,,160,]19533;19590[,
,,,161,19590,
,,,162,]19590;19596[,
,,,163,19596,
,,,164,]19596;19664[,
,,,165,19664,
,,,166,]19664;19731[,
,,,167,19731,
,,,168,]19731;19803[,
,,,169,19803,
,,,170,]19803;19912[,
,,,171,19912,
,,,172,]19912;19954[,
,,,173,19954,
,,,174,]19954;20031[,
,,,175,20031,
,,,176,]20031;20033[,
,,,177,20033,
,,,178,]20033;20045[,
,,,179,20045,
,,,180,]20045;20126[,
,,,181,20126,
,,,182,]20126;20155[,
,,,183,20155,
,,,184,]20155;20186[,
,,,185,20186,
,,,186,]20186;20233[,
,,,187,20233,
,,,188,]20233;20366[,
,,,189,20366,
,,,190,]20366;20444[,
,,,191,20444,
,,,192,]20444;20475[,
,,,193,20475,
,,,194,]20475;20509[,
,,,195,20509,
,,,196,]20509;20533[,
,,,197,20533,
,,,198,]20533;20767[,
,,,199,20767,
,,,200,]20767;20792[,
,,,201,20792,
,,,202,]20792;20810[,
,,,203,20810,
,,,204,]20810;20855[,
,,,205,20855,
,,,206,]20855;20982[,
,,,207,20982,
,,,208,]20982;20994[,
,,,209,20994,
,,,210,]20994;21114[,
,,,211,21114,
,,,212,]21114;21195[,
,,,213,21195,
,,,214,]21195;21215[,
,,,215,21215,
,,,216,]21215;21224[,
,,,217,21224,
,,,218,]21224;21304[,
,,,219,21304,
,,,220,]21304;21318[,
,,,221,21318,
,,,222,]21318;21341[,
,,,223,21341,
,,,224,]21341;21507[,
,,,225,21507,
,,,226,]21507;21546[,
,,,227,21546,
,,,228,]21546;21571[,
,,,229,21571,
,,,230,]21571;21799[,
,,,231,21799,
,,,232,]21799;21903[,
,,,233,21903,
,,,234,]21903;22079[,
,,,235,22079,
,,,236,]22079;22106[,
,,,237,22106,
,,,238,]22106;22139[,
,,,239,22139,
,,,240,]22139;22149[,
,,,241,22149,
,,,242,]22149;22165[,
,,,243,22165,
,,,244,]22165;22232[,
,,,245,22232,
,,,246,]22232;22335[,
,,,247,22335,
,,,248,]22335;22358[,
,,,249,22358,
,,,250,]22358;22373[,
,,,251,22373,
,,,252,]22373;22433[,
,,,253,22433,
,,,254,]22433;22447[,
,,,255,22447,
,,,256,]22447;22482[,
,,,257,22482,
,,,258,]22482;22685[,
,,,259,22685,
,,,260,]22685;22692[,
,,,261,22692,
,,,262,]22692;22741[,
,,,263,22741,
,,,264,]22741;22787[,
,,,265,22787,
,,,266,]22787;22967[,
,,,267,22967,
,,,268,]22967;22976[,
,,,269,22976,
,,,270,]22976;23075[,
,,,271,23075,
,,,272,]23075;23103[,
,,,273,23103,
,,,274,]23103;23163[,
,,,275,23163,
,,,276,]23163;23229[,
,,,277,23229,
,,,278,]23229;23231[,
,,,279,23231,
,,,280,]23231;23239[,
,,,281,23239,
,,,282,]23239;23474[,
,,,283,23474,
,,,284,]23474;23516[,
,,,285,23516,
,,,286,]23516;23523[,
,,,287,23523,
,,,288,]23523;23600[,
,,,289,23600,
,,,290,]23600;23740[,
,,,291,23740,
,,,292,]23740;23813[,
,,,293,23813,
,,,294,]23813;24122[,
,,,295,24122,
,,,296,]24122;24195[,
,,,297,24195,
,,,298,]24195;24208[,
,,,299,24208,
,,,300,]24208;24595[,
,,,301,24595,
,,,302,]24595;24766[,
,,,303,24766,
,,,304,]24766;25046[,
,,,305,25046,
,,,306,]25046;25057[,
,,,307,25057,
,,,308,]25057;25224[,
,,,309,25224,
,,,310,]25224;25283[,
,,,311,25283,
,,,312,]25283;25329[,
,,,313,25329,
,,,314,]25329;25334[,
,,,315,25334,
,,,316,]25334;25364[,
,,,317,25364,
,,,318,]25364;25394[,
,,,319,25394,
,,,320,]25394;25554[,
,,,321,25554,
,,,322,]25554;25623[,
,,,323,25623,
,,,324,]25623;25680[,
,,,325,25680,
,,,326,]25680;25691[,
,,,327,25691,
,,,328,]25691;25746[,
,,,329,25746,
,,,330,]25746;25943[,
,,,331,25943,
,,,332,]25943;26003[,
,,,333,26003,
,,,334,]26003;26010[,
,,,335,26010,
,,,336,]26010;26228[,
,,,337,26228,
,,,338,]26228;26421[,
,,,339,26421,
,,,340,]26421;26430[,
,,,341,26430,
,,,342,]26430;26564[,
,,,343,26564,
,,,344,]26564;26635[,
,,,345,26635,
,,,346,]26635;26641[,
,,,347,26641,
,,,348,]26641;26717[,
,,,349,26717,
,,,350,]26717;26929[,
,,,351,26929,
,,,352,]26929;27052[,
,,,353,27052,
,,,354,]27052;27059[,
,,,355,27059,
,,,356,]27059;27077[,
,,,357,27077,
,,,358,]27077;27714[,
,,,359,27714,
,,,360,]27714;27886[,
,,,361,27886,
,,,362,]27886;27935[,
,,,363,27935,
,,,364,]27935;28227[,
,,,365,28227,
,,,366,]28227;28351[,
,,,367,28351,
,,,368,]28351;28481[,
,,,369,28481,
,,,370,]28481;28647[,
,,,371,28647,
,,,372,]28647;29734[,
,,,373,29734,
,,,374,]29734;30659[,
,,,375,30659,
,,,376,]30659;32033[,
,,,377,32033,
,,,378,]32033;33419[,
,,,379,33419,
,,,380,]33419;33631[,
,,,381,33631,
,,,382,]33631;35382[,
,,,383,35382,
,,,384,]35382;42844[,
,,,385,42844,
,,,386,]42844;44533[,
,,,387,44533,
,,,388,]44533;45807[,
,,,389,45807,
,,,390,]45807;53926[,
,,,391,53926,
,,,392,]53926;56627[,
,,,393,56627,
,,,394,]56627;58779[,
,,,395,58779,
,,,396,]58779;70123[,
,,,397,70123,
,,,398,]70123;inf[,
157,Original_Price_6187,331,,,Global_Product_Line.Sliding_Stem_Family.Sliding_Stem_Valves.E_Pkg_Box_Size.easy_e.Cage_Guided_E.T_Trim.ET.Original_Price.Original_Price_6187
,,,0,]-inf;0[,
,,,1,0,
,,,2,]0;243[,
,,,3,243,
,,,4,]243;718[,
,,,5,718,
,,,6,]718;757[,
,,,7,757,
,,,8,]757;771[,
,,,9,771,
,,,10,]771;824[,
,,,11,824,
,,,12,]824;847[,
,,,13,847,
,,,14,]847;1617[,
,,,15,1617,
,,,16,]1617;1829[,
,,,17,1829,
,,,18,]1829;2129[,
,,,19,2129,
,,,20,]2129;2515[,
,,,21,2515,
,,,22,]2515;3669[,
,,,23,3669,
,,,24,]3669;3882[,
,,,25,3882,
,,,26,]3882;5718[,
,,,27,5718,
,,,28,]5718;5759[,
,,,29,5759,
,,,30,]5759;5931[,
,,,31,5931,
,,,32,]5931;6958[,
,,,33,6958,
,,,34,]6958;7641[,
,,,35,7641,
,,,36,]7641;8155[,
,,,37,8155,
,,,38,]8155;9694[,
,,,39,9694,
,,,40,]9694;12425[,
,,,41,12425,
,,,42,]12425;15056[,
,,,43,15056,
,,,44,]15056;15059[,
,,,45,15059,
,,,46,]15059;15115[,
,,,47,15115,
,,,48,]15115;15133[,
,,,49,15133,
,,,50,]15133;15185[,
,,,51,15185,
,,,52,]15185;15235[,
,,,53,15235,
,,,54,]15235;15261[,
,,,55,15261,
,,,56,]15261;15303[,
,,,57,15303,
,,,58,]15303;15371[,
,,,59,15371,
,,,60,]15371;15381[,
,,,61,15381,
,,,62,]15381;15386[,
,,,63,15386,
,,,64,]15386;15423[,
,,,65,15423,
,,,66,]15423;15470[,
,,,67,15470,
,,,68,]15470;15492[,
,,,69,15492,
,,,70,]15492;15496[,
,,,71,15496,
,,,72,]15496;15567[,
,,,73,15567,
,,,74,]15567;15575[,
,,,75,15575,
,,,76,]15575;15644[,
,,,77,15644,
,,,78,]15644;15650[,
,,,79,15650,
,,,80,]15650;15687[,
,,,81,15687,
,,,82,]15687;15690[,
,,,83,15690,
,,,84,]15690;15706[,
,,,85,15706,
,,,86,]15706;15713[,
,,,87,15713,
,,,88,]15713;15730[,
,,,89,15730,
,,,90,]15730;15752[,
,,,91,15752,
,,,92,]15752;15807[,
,,,93,15807,
,,,94,]15807;15825[,
,,,95,15825,
,,,96,]15825;15854[,
,,,97,15854,
,,,98,]15854;15859[,
,,,99,15859,
,,,100,]15859;15860[,
,,,101,15860,
,,,102,]15860;15876[,
,,,103,15876,
,,,104,]15876;15932[,
,,,105,15932,
,,,106,]15932;15965[,
,,,107,15965,
,,,108,]15965;16012[,
,,,109,16012,
,,,110,]16012;16035[,
,,,111,16035,
,,,112,]16035;16064[,
,,,113,16064,
,,,114,]16064;16118[,
,,,115,16118,
,,,116,]16118;16149[,
,,,117,16149,
,,,118,]16149;16201[,
,,,119,16201,
,,,120,]16201;16243[,
,,,121,16243,
,,,122,]16243;16263[,
,,,123,16263,
,,,124,]16263;16327[,
,,,125,16327,
,,,126,]16327;16337[,
,,,127,16337,
,,,128,]16337;16393[,
,,,129,16393,
,,,130,]16393;16423[,
,,,131,16423,
,,,132,]16423;16439[,
,,,133,16439,
,,,134,]16439;16441[,
,,,135,16441,
,,,136,]16441;16508[,
,,,137,16508,
,,,138,]16508;16578[,
,,,139,16578,
,,,140,]16578;16586[,
,,,141,16586,
,,,142,]16586;16611[,
,,,143,16611,
,,,144,]16611;16730[,
,,,145,16730,
,,,146,]16730;16816[,
,,,147,16816,
,,,148,]16816;16859[,
,,,149,16859,
,,,150,]16859;16882[,
,,,151,16882,
,,,152,]16882;16952[,
,,,153,16952,
,,,154,]16952;16968[,
,,,155,16968,
,,,156,]16968;17023[,
,,,157,17023,
,,,158,]17023;17055[,
,,,159,17055,
,,,160,]17055;17162[,
,,,161,17162,
,,,162,]17162;17209[,
,,,163,17209,
,,,164,]17209;17226[,
,,,165,17226,
,,,166,]17226;17313[,
,,,167,17313,
,,,168,]17313;17346[,
,,,169,17346,
,,,170,]17346;17388[,
,,,171,17388,
,,,172,]17388;17422[,
,,,173,17422,
,,,174,]17422;17432[,
,,,175,17432,
,,,176,]17432;17456[,
,,,177,17456,
,,,178,]17456;17620[,
,,,179,17620,
,,,180,]17620;17731[,
,,,181,17731,
,,,182,]17731;17985[,
,,,183,17985,
,,,184,]17985;18080[,
,,,185,18080,
,,,186,]18080;18087[,
,,,187,18087,
,,,188,]18087;18141[,
,,,189,18141,
,,,190,]18141;18225[,
,,,191,18225,
,,,192,]18225;18331[,
,,,193,18331,
,,,194,]18331;18441[,
,,,195,18441,
,,,196,]18441;18473[,
,,,197,18473,
,,,198,]18473;18602[,
,,,199,18602,
,,,200,]18602;18626[,
,,,201,18626,
,,,202,]18626;18637[,
,,,203,18637,
,,,204,]18637;18645[,
,,,205,18645,
,,,206,]18645;18713[,
,,,207,18713,
,,,208,]18713;18875[,
,,,209,18875,
,,,210,]18875;18879[,
,,,211,18879,
,,,212,]18879;18930[,
,,,213,18930,
,,,214,]18930;19046[,
,,,215,19046,
,,,216,]19046;19314[,
,,,217,19314,
,,,218,]19314;19394[,
,,,219,19394,
,,,220,]19394;19498[,
,,,221,19498,
,,,222,]19498;19592[,
,,,223,19592,
,,,224,]19592;19640[,
,,,225,19640,
,,,226,]19640;19776[,
,,,227,19776,
,,,228,]19776;19781[,
,,,229,19781,
,,,230,]19781;19823[,
,,,231,19823,
,,,232,]19823;20009[,
,,,233,20009,
,,,234,]20009;20012[,
,,,235,20012,
,,,236,]20012;20047[,
,,,237,20047,
,,,238,]20047;20370[,
,,,239,20370,
,,,240,]20370;20438[,
,,,241,20438,
,,,242,]20438;20525[,
,,,243,20525,
,,,244,]20525;20700[,
,,,245,20700,
,,,246,]20700;20764[,
,,,247,20764,
,,,248,]20764;20867[,
,,,249,20867,
,,,250,]20867;21057[,
,,,251,21057,
,,,252,]21057;21109[,
,,,253,21109,
,,,254,]21109;21366[,
,,,255,21366,
,,,256,]21366;21566[,
,,,257,21566,
,,,258,]21566;21729[,
,,,259,21729,
,,,260,]21729;21877[,
,,,261,21877,
,,,262,]21877;21986[,
,,,263,21986,
,,,264,]21986;21993[,
,,,265,21993,
,,,266,]21993;22020[,
,,,267,22020,
,,,268,]22020;22186[,
,,,269,22186,
,,,270,]22186;22470[,
,,,271,22470,
,,,272,]22470;22522[,
,,,273,22522,
,,,274,]22522;22532[,
,,,275,22532,
,,,276,]22532;22798[,
,,,277,22798,
,,,278,]22798;22815[,
,,,279,22815,
,,,280,]22815;22846[,
,,,281,22846,
,,,282,]22846;22884[,
,,,283,22884,
,,,284,]22884;23021[,
,,,285,23021,
,,,286,]23021;23344[,
,,,287,23344,
,,,288,]23344;23548[,
,,,289,23548,
,,,290,]23548;23585[,
,,,291,23585,
,,,292,]23585;23686[,
,,,293,23686,
,,,294,]23686;24487[,
,,,295,24487,
,,,296,]24487;24573[,
,,,297,24573,
,,,298,]24573;24779[,
,,,299,24779,
,,,300,]24779;25086[,
,,,301,25086,
,,,302,]25086;25158[,
,,,303,25158,
,,,304,]25158;25241[,
,,,305,25241,
,,,306,]25241;25391[,
,,,307,25391,
,,,308,]25391;25428[,
,,,309,25428,
,,,310,]25428;25618[,
,,,311,25618,
,,,312,]25618;25685[,
,,,313,25685,
,,,314,]25685;25777[,
,,,315,25777,
,,,316,]25777;25787[,
,,,317,25787,
,,,318,]25787;25827[,
,,,319,25827,
,,,320,]25827;26455[,
,,,321,26455,
,,,322,]26455;26580[,
,,,323,26580,
,,,324,]26580;26644[,
,,,325,26644,
,,,326,]26644;27820[,
,,,327,27820,
,,,328,]27820;28120[,
,,,329,28120,
,,,330,]28120;inf[,
158,Original_Price_16547,75,,,Global_Product_Line.Sliding_Stem_Family.Sliding_Stem_Valves.E_Pkg_Box_Size.easy_e.Cage_Guided_E.T_Trim.ET.Original_Price.Original_Price_16547
,,,0,]-inf;0[,
,,,1,0,
,,,2,]0;14673[,
,,,3,14673,
,,,4,]14673;14688[,
,,,5,14688,
,,,6,]14688;14694[,
,,,7,14694,
,,,8,]14694;14712[,
,,,9,14712,
,,,10,]14712;14725[,
,,,11,14725,
,,,12,]14725;14761[,
,,,13,14761,
,,,14,]14761;14778[,
,,,15,14778,
,,,16,]14778;14782[,
,,,17,14782,
,,,18,]14782;14833[,
,,,19,14833,
,,,20,]14833;14858[,
,,,21,14858,
,,,22,]14858;14869[,
,,,23,14869,
,,,24,]14869;14890[,
,,,25,14890,
,,,26,]14890;14895[,
,,,27,14895,
,,,28,]14895;14918[,
,,,29,14918,
,,,30,]14918;14945[,
,,,31,14945,
,,,32,]14945;14949[,
,,,33,14949,
,,,34,]14949;14961[,
,,,35,14961,
,,,36,]14961;14969[,
,,,37,14969,
,,,38,]14969;15034[,
,,,39,15034,
,,,40,]15034;15043[,
,,,41,15043,
,,,42,]15043;15072[,
,,,43,15072,
,,,44,]15072;15094[,
,,,45,15094,
,,,46,]15094;15141[,
,,,47,15141,
,,,48,]15141;15157[,
,,,49,15157,
,,,50,]15157;15196[,
,,,51,15196,
,,,52,]15196;15213[,
,,,53,15213,
,,,54,]15213;15303[,
,,,55,15303,
,,,56,]15303;15337[,
,,,57,15337,
,,,58,]15337;15440[,
,,,59,15440,
,,,60,]15440;15466[,
,,,61,15466,
,,,62,]15466;15553[,
,,,63,15553,
,,,64,]15553;15764[,
,,,65,15764,
,,,66,]15764;15825[,
,,,67,15825,
,,,68,]15825;15859[,
,,,69,15859,
,,,70,]15859;16406[,
,,,71,16406,
,,,72,]16406;16774[,
,,,73,16774,
,,,74,]16774;inf[,
159,Original_Price_16548,75,,,Global_Product_Line.Sliding_Stem_Family.Sliding_Stem_Valves.E_Pkg_Box_Size.easy_e.Cage_Guided_E.T_Trim.ET.Original_Price.Original_Price_16548
,,,0,]-inf;0[,
,,,1,0,
,,,2,]0;14673[,
,,,3,14673,
,,,4,]14673;14688[,
,,,5,14688,
,,,6,]14688;14694[,
,,,7,14694,
,,,8,]14694;14712[,
,,,9,14712,
,,,10,]14712;14725[,
,,,11,14725,
,,,12,]14725;14761[,
,,,13,14761,
,,,14,]14761;14778[,
,,,15,14778,
,,,16,]14778;14781[,
,,,17,14781,
,,,18,]14781;14833[,
,,,19,14833,
,,,20,]14833;14858[,
,,,21,14858,
,,,22,]14858;14869[,
,,,23,14869,
,,,24,]14869;14890[,
,,,25,14890,
,,,26,]14890;14895[,
,,,27,14895,
,,,28,]14895;14918[,
,,,29,14918,
,,,30,]14918;14945[,
,,,31,14945,
,,,32,]14945;14949[,
,,,33,14949,
,,,34,]14949;14961[,
,,,35,14961,
,,,36,]14961;14969[,
,,,37,14969,
,,,38,]14969;15034[,
,,,39,15034,
,,,40,]15034;15043[,
,,,41,15043,
,,,42,]15043;15072[,
,,,43,15072,
,,,44,]15072;15094[,
,,,45,15094,
,,,46,]15094;15141[,
,,,47,15141,
,,,48,]15141;15157[,
,,,49,15157,
,,,50,]15157;15196[,
,,,51,15196,
,,,52,]15196;15213[,
,,,53,15213,
,,,54,]15213;15303[,
,,,55,15303,
,,,56,]15303;15337[,
,,,57,15337,
,,,58,]15337;15440[,
,,,59,15440,
,,,60,]15440;15466[,
,,,61,15466,
,,,62,]15466;15553[,
,,,63,15553,
,,,64,]15553;15764[,
,,,65,15764,
,,,66,]15764;15825[,
,,,67,15825,
,,,68,]15825;15859[,
,,,69,15859,
,,,70,]15859;16406[,
,,,71,16406,
,,,72,]16406;16774[,
,,,73,16774,
,,,74,]16774;inf[,
160,Original_Price_27769,333,,,Global_Product_Line.Sliding_Stem_Family.Sliding_Stem_Valves.E_Pkg_Box_Size.easy_e.Cage_Guided_E.T_Trim.ET.Original_Price.Original_Price_27769
,,,0,]-inf;0[,
,,,1,0,
,,,2,]0;243[,
,,,3,243,
,,,4,]243;718[,
,,,5,718,
,,,6,]718;757[,
,,,7,757,
,,,8,]757;771[,
,,,9,771,
,,,10,]771;824[,
,,,11,824,
,,,12,]824;847[,
,,,13,847,
,,,14,]847;1617[,
,,,15,1617,
,,,16,]1617;1829[,
,,,17,1829,
,,,18,]1829;2129[,
,,,19,2129,
,,,20,]2129;2515[,
,,,21,2515,
,,,22,]2515;3669[,
,,,23,3669,
,,,24,]3669;3882[,
,,,25,3882,
,,,26,]3882;5718[,
,,,27,5718,
,,,28,]5718;5759[,
,,,29,5759,
,,,30,]5759;5931[,
,,,31,5931,
,,,32,]5931;6958[,
,,,33,6958,
,,,34,]6958;7641[,
,,,35,7641,
,,,36,]7641;8155[,
,,,37,8155,
,,,38,]8155;9694[,
,,,39,9694,
,,,40,]9694;12425[,
,,,41,12425,
,,,42,]12425;15056[,
,,,43,15056,
,,,44,]15056;15059[,
,,,45,15059,
,,,46,]15059;15115[,
,,,47,15115,
,,,48,]15115;15133[,
,,,49,15133,
,,,50,]15133;15185[,
,,,51,15185,
,,,52,]15185;15235[,
,,,53,15235,
,,,54,]15235;15261[,
,,,55,15261,
,,,56,]15261;15303[,
,,,57,15303,
,,,58,]15303;15371[,
,,,59,15371,
,,,60,]15371;15382[,
,,,61,15382,
,,,62,]15382;15386[,
,,,63,15386,
,,,64,]15386;15423[,
,,,65,15423,
,,,66,]15423;15470[,
,,,67,15470,
,,,68,]15470;15492[,
,,,69,15492,
,,,70,]15492;15496[,
,,,71,15496,
,,,72,]15496;15568[,
,,,73,15568,
,,,74,]15568;15575[,
,,,75,15575,
,,,76,]15575;15644[,
,,,77,15644,
,,,78,]15644;15650[,
,,,79,15650,
,,,80,]15650;15687[,
,,,81,15687,
,,,82,]15687;15690[,
,,,83,15690,
,,,84,]15690;15706[,
,,,85,15706,
,,,86,]15706;15713[,
,,,87,15713,
,,,88,]15713;15730[,
,,,89,15730,
,,,90,]15730;15752[,
,,,91,15752,
,,,92,]15752;15807[,
,,,93,15807,
,,,94,]15807;15825[,
,,,95,15825,
,,,96,]15825;15854[,
,,,97,15854,
,,,98,]15854;15859[,
,,,99,15859,
,,,100,]15859;15860[,
,,,101,15860,
,,,102,]15860;15876[,
,,,103,15876,
,,,104,]15876;15932[,
,,,105,15932,
,,,106,]15932;15965[,
,,,107,15965,
,,,108,]15965;16012[,
,,,109,16012,
,,,110,]16012;16035[,
,,,111,16035,
,,,112,]16035;16064[,
,,,113,16064,
,,,114,]16064;16118[,
,,,115,16118,
,,,116,]16118;16149[,
,,,117,16149,
,,,118,]16149;16201[,
,,,119,16201,
,,,120,]16201;16243[,
,,,121,16243,
,,,122,]16243;16263[,
,,,123,16263,
,,,124,]16263;16327[,
,,,125,16327,
,,,126,]16327;16337[,
,,,127,16337,
,,,128,]16337;16393[,
,,,129,16393,
,,,130,]16393;16423[,
,,,131,16423,
,,,132,]16423;16439[,
,,,133,16439,
,,,134,]16439;16441[,
,,,135,16441,
,,,136,]16441;16508[,
,,,137,16508,
,,,138,]16508;16578[,
,,,139,16578,
,,,140,]16578;16586[,
,,,141,16586,
,,,142,]16586;16611[,
,,,143,16611,
,,,144,]16611;16730[,
,,,145,16730,
,,,146,]16730;16816[,
,,,147,16816,
,,,148,]16816;16859[,
,,,149,16859,
,,,150,]16859;16882[,
,,,151,16882,
,,,152,]16882;16952[,
,,,153,16952,
,,,154,]16952;16968[,
,,,155,16968,
,,,156,]16968;17023[,
,,,157,17023,
,,,158,]17023;17055[,
,,,159,17055,
,,,160,]17055;17162[,
,,,161,17162,
,,,162,]17162;17209[,
,,,163,17209,
,,,164,]17209;17226[,
,,,165,17226,
,,,166,]17226;17313[,
,,,167,17313,
,,,168,]17313;17346[,
,,,169,17346,
,,,170,]17346;17388[,
,,,171,17388,
,,,172,]17388;17422[,
,,,173,17422,
,,,174,]17422;17432[,
,,,175,17432,
,,,176,]17432;17456[,
,,,177,17456,
,,,178,]17456;17620[,
,,,179,17620,
,,,180,]17620;17731[,
,,,181,17731,
,,,182,]17731;17985[,
,,,183,17985,
,,,184,]17985;18080[,
,,,185,18080,
,,,186,]18080;18087[,
,,,187,18087,
,,,188,]18087;18141[,
,,,189,18141,
,,,190,]18141;18225[,
,,,191,18225,
,,,192,]18225;18331[,
,,,193,18331,
,,,194,]18331;18441[,
,,,195,18441,
,,,196,]18441;18473[,
,,,197,18473,
,,,198,]18473;18602[,
,,,199,18602,
,,,200,]18602;18626[,
,,,201,18626,
,,,202,]18626;18637[,
,,,203,18637,
,,,204,]18637;18645[,
,,,205,18645,
,,,206,]18645;18713[,
,,,207,18713,
,,,208,]18713;18875[,
,,,209,18875,
,,,210,]18875;18879[,
,,,211,18879,
,,,212,]18879;18930[,
,,,213,18930,
,,,214,]18930;19046[,
,,,215,19046,
,,,216,]19046;19314[,
,,,217,19314,
,,,218,]19314;19394[,
,,,219,19394,
,,,220,]19394;19498[,
,,,221,19498,
,,,222,]19498;19592[,
,,,223,19592,
,,,224,]19592;19640[,
,,,225,19640,
,,,226,]19640;19776[,
,,,227,19776,
,,,228,]19776;19781[,
,,,229,19781,
,,,230,]19781;19823[,
,,,231,19823,
,,,232,]19823;20009[,
,,,233,20009,
,,,234,]20009;20012[,
,,,235,20012,
,,,236,]20012;20047[,
,,,237,20047,
,,,238,]20047;20370[,
,,,239,20370,
,,,240,]20370;20438[,
,,,241,20438,
,,,242,]20438;20525[,
,,,243,20525,
,,,244,]20525;20700[,
,,,245,20700,
,,,246,]20700;20736[,
,,,247,20736,
,,,248,]20736;20764[,
,,,249,20764,
,,,250,]20764;20867[,
,,,251,20867,
,,,252,]20867;21057[,
,,,253,21057,
,,,254,]21057;21109[,
,,,255,21109,
,,,256,]21109;21366[,
,,,257,21366,
,,,258,]21366;21566[,
,,,259,21566,
,,,260,]21566;21729[,
,,,261,21729,
,,,262,]21729;21877[,
,,,263,21877,
,,,264,]21877;21986[,
,,,265,21986,
,,,266,]21986;21993[,
,,,267,21993,
,,,268,]21993;22020[,
,,,269,22020,
,,,270,]22020;22186[,
,,,271,22186,
,,,272,]22186;22470[,
,,,273,22470,
,,,274,]22470;22522[,
,,,275,22522,
,,,276,]22522;22532[,
,,,277,22532,
,,,278,]22532;22798[,
,,,279,22798,
,,,280,]22798;22815[,
,,,281,22815,
,,,282,]22815;22846[,
,,,283,22846,
,,,284,]22846;22884[,
,,,285,22884,
,,,286,]22884;23021[,
,,,287,23021,
,,,288,]23021;23344[,
,,,289,23344,
,,,290,]23344;23548[,
,,,291,23548,
,,,292,]23548;23585[,
,,,293,23585,
,,,294,]23585;23686[,
,,,295,23686,
,,,296,]23686;24487[,
,,,297,24487,
,,,298,]24487;24573[,
,,,299,24573,
,,,300,]24573;24779[,
,,,301,24779,
,,,302,]24779;25086[,
,,,303,25086,
,,,304,]25086;25158[,
,,,305,25158,
,,,306,]25158;25241[,
,,,307,25241,
,,,308,]25241;25391[,
,,,309,25391,
,,,310,]25391;25428[,
,,,311,25428,
,,,312,]25428;25618[,
,,,313,25618,
,,,314,]25618;25685[,
,,,315,25685,
,,,316,]25685;25777[,
,,,317,25777,
,,,318,]25777;25787[,
,,,319,25787,
,,,320,]25787;25827[,
,,,321,25827,
,,,322,]25827;26455[,
,,,323,26455,
,,,324,]26455;26580[,
,,,325,26580,
,,,326,]26580;26644[,
,,,327,26644,
,,,328,]26644;27820[,
,,,329,27820,
,,,330,]27820;28120[,
,,,331,28120,
,,,332,]28120;inf[,
161,Original_Price_39793,9,,,Global_Product_Line.Sliding_Stem_Family.Sliding_Stem_Valves.E_Pkg_Box_Size.easy_e.Cage_Guided_E.T_Trim.ET.Original_Price.Original_Price_39793
,,,0,]-inf;0[,
,,,1,0,
,,,2,]0;14699[,
,,,3,14699,
,,,4,]14699;14846[,
,,,5,14846,
,,,6,]14846;14953[,
,,,7,14953,
,,,8,]14953;inf[,
162,Original_Price_26441,73,,,Global_Product_Line.Sliding_Stem_Family.Sliding_Stem_Valves.E_Pkg_Box_Size.easy_e.Cage_Guided_E.T_Trim.ET.Original_Price.Original_Price_26441
,,,0,]-inf;0[,
,,,1,0,
,,,2,]0;100[,
,,,3,100,
,,,4,]100;14485[,
,,,5,14485,
,,,6,]14485;14610[,
,,,7,14610,
,,,8,]14610;14635[,
,,,9,14635,
,,,10,]14635;14712[,
,,,11,14712,
,,,12,]14712;14730[,
,,,13,14730,
,,,14,]14730;14863[,
,,,15,14863,
,,,16,]14863;14887[,
,,,17,14887,
,,,18,]14887;15034[,
,,,19,15034,
,,,20,]15034;15057[,
,,,21,15057,
,,,22,]15057;15100[,
,,,23,15100,
,,,24,]15100;15131[,
,,,25,15131,
,,,26,]15131;15205[,
,,,27,15205,
,,,28,]15205;15210[,
,,,29,15210,
,,,30,]15210;15286[,
,,,31,15286,
,,,32,]15286;15291[,
,,,33,15291,
,,,34,]15291;15324[,
,,,35,15324,
,,,36,]15324;15336[,
,,,37,15336,
,,,38,]15336;15417[,
,,,39,15417,
,,,40,]15417;15488[,
,,,41,15488,
,,,42,]15488;15491[,
,,,43,15491,
,,,44,]15491;15508[,
,,,45,15508,
,,,46,]15508;15661[,
,,,47,15661,
,,,48,]15661;15668[,
,,,49,15668,
,,,50,]15668;15693[,
,,,51,15693,
,,,52,]15693;15720[,
,,,53,15720,
,,,54,]15720;15750[,
,,,55,15750,
,,,56,]15750;15855[,
,,,57,15855,
,,,58,]15855;15932[,
,,,59,15932,
,,,60,]15932;15970[,
,,,61,15970,
,,,62,]15970;16181[,
,,,63,16181,
,,,64,]16181;16198[,
,,,65,16198,
,,,66,]16198;16296[,
,,,67,16296,
,,,68,]16296;16838[,
,,,69,16838,
,,,70,]16838;16993[,
,,,71,16993,
,,,72,]16993;inf[,
163,Original_Price_41487,25,,,Global_Product_Line.Sliding_Stem_Family.Sliding_Stem_Valves.E_Pkg_Box_Size.easy_e.Cage_Guided_E.T_Trim.ET.Original_Price.Original_Price_41487
,,,0,]-inf;0[,
,,,1,0,
,,,2,]0;15854[,
,,,3,15854,
,,,4,]15854;16141[,
,,,5,16141,
,,,6,]16141;16586[,
,,,7,16586,
,,,8,]16586;17158[,
,,,9,17158,
,,,10,]17158;17898[,
,,,11,17898,
,,,12,]17898;17997[,
,,,13,17997,
,,,14,]17997;18430[,
,,,15,18430,
,,,16,]18430;19185[,
,,,17,19185,
,,,18,]19185;19653[,
,,,19,19653,
,,,20,]19653;22340[,
,,,21,22340,
,,,22,]22340;22529[,
,,,23,22529,
,,,24,]22529;inf[,
164,Original_Price_46229,43,,,Global_Product_Line.Sliding_Stem_Family.Sliding_Stem_Valves.E_Pkg_Box_Size.easy_e.Cage_Guided_E.T_Trim.ET.Original_Price.Original_Price_46229
,,,0,]-inf;0[,
,,,1,0,
,,,2,]0;15637[,
,,,3,15637,
,,,4,]15637;15802[,
,,,5,15802,
,,,6,]15802;15848[,
,,,7,15848,
,,,8,]15848;16065[,
,,,9,16065,
,,,10,]16065;16069[,
,,,11,16069,
,,,12,]16069;16204[,
,,,13,16204,
,,,14,]16204;16236[,
,,,15,16236,
,,,16,]16236;16278[,
,,,17,16278,
,,,18,]16278;16494[,
,,,19,16494,
,,,20,]16494;16498[,
,,,21,16498,
,,,22,]16498;16601[,
,,,23,16601,
,,,24,]16601;16705[,
,,,25,16705,
,,,26,]16705;16812[,
,,,27,16812,
,,,28,]16812;17032[,
,,,29,17032,
,,,30,]17032;17128[,
,,,31,17128,
,,,32,]17128;17199[,
,,,33,17199,
,,,34,]17199;17273[,
,,,35,17273,
,,,36,]17273;17562[,
,,,37,17562,
,,,38,]17562;17796[,
,,,39,17796,
,,,40,]17796;18141[,
,,,41,18141,
,,,42,]18141;inf[,
165,Original_Price_340,51,,,Global_Product_Line.Sliding_Stem_Family.Sliding_Stem_Valves.E_Pkg_Box_Size.easy_e.Cage_Guided_E.T_Trim.ET.Original_Price.Original_Price_340
,,,0,]-inf;0[,
,,,1,0,
,,,2,]0;14511[,
,,,3,14511,
,,,4,]14511;14561[,
,,,5,14561,
,,,6,]14561;14630[,
,,,7,14630,
,,,8,]14630;14680[,
,,,9,14680,
,,,10,]14680;14686[,
,,,11,14686,
,,,12,]14686;14720[,
,,,13,14720,
,,,14,]14720;14728[,
,,,15,14728,
,,,16,]14728;14752[,
,,,17,14752,
,,,18,]14752;14811[,
,,,19,14811,
,,,20,]14811;14819[,
,,,21,14819,
,,,22,]14819;14823[,
,,,23,14823,
,,,24,]14823;14847[,
,,,25,14847,
,,,26,]14847;14881[,
,,,27,14881,
,,,28,]14881;14975[,
,,,29,14975,
,,,30,]14975;15023[,
,,,31,15023,
,,,32,]15023;15354[,
,,,33,15354,
,,,34,]15354;15445[,
,,,35,15445,
,,,36,]15445;15496[,
,,,37,15496,
,,,38,]15496;15610[,
,,,39,15610,
,,,40,]15610;15700[,
,,,41,15700,
,,,42,]15700;15858[,
,,,43,15858,
,,,44,]15858;16171[,
,,,45,16171,
,,,46,]16171;16383[,
,,,47,16383,
,,,48,]16383;18658[,
,,,49,18658,
,,,50,]18658;inf[,
166,Original_Price_499,225,,,Global_Product_Line.Sliding_Stem_Family.Sliding_Stem_Valves.E_Pkg_Box_Size.easy_e.Cage_Guided_E.T_Trim.ET.Original_Price.Original_Price_499
,,,0,]-inf;0[,
,,,1,0,
,,,2,]0;100[,
,,,3,100,
,,,4,]100;14629[,
,,,5,14629,
,,,6,]14629;14664[,
,,,7,14664,
,,,8,]14664;14796[,
,,,9,14796,
,,,10,]14796;14800[,
,,,11,14800,
,,,12,]14800;14935[,
,,,13,14935,
,,,14,]14935;14937[,
,,,15,14937,
,,,16,]14937;15111[,
,,,17,15111,
,,,18,]15111;15218[,
,,,19,15218,
,,,20,]15218;15312[,
,,,21,15312,
,,,22,]15312;15408[,
,,,23,15408,
,,,24,]15408;15476[,
,,,25,15476,
,,,26,]15476;15494[,
,,,27,15494,
,,,28,]15494;15509[,
,,,29,15509,
,,,30,]15509;15555[,
,,,31,15555,
,,,32,]15555;15558[,
,,,33,15558,
,,,34,]15558;15638[,
,,,35,15638,
,,,36,]15638;15673[,
,,,37,15673,
,,,38,]15673;15723[,
,,,39,15723,
,,,40,]15723;15730[,
,,,41,15730,
,,,42,]15730;15755[,
,,,43,15755,
,,,44,]15755;15776[,
,,,45,15776,
,,,46,]15776;15831[,
,,,47,15831,
,,,48,]15831;15860[,
,,,49,15860,
,,,50,]15860;15910[,
,,,51,15910,
,,,52,]15910;15920[,
,,,53,15920,
,,,54,]15920;15977[,
,,,55,15977,
,,,56,]15977;15997[,
,,,57,15997,
,,,58,]15997;16047[,
,,,59,16047,
,,,60,]16047;16080[,
,,,61,16080,
,,,62,]16080;16095[,
,,,63,16095,
,,,64,]16095;16136[,
,,,65,16136,
,,,66,]16136;16140[,
,,,67,16140,
,,,68,]16140;16172[,
,,,69,16172,
,,,70,]16172;16215[,
,,,71,16215,
,,,72,]16215;16223[,
,,,73,16223,
,,,74,]16223;16246[,
,,,75,16246,
,,,76,]16246;16252[,
,,,77,16252,
,,,78,]16252;16360[,
,,,79,16360,
,,,80,]16360;16403[,
,,,81,16403,
,,,82,]16403;16496[,
,,,83,16496,
,,,84,]16496;16546[,
,,,85,16546,
,,,86,]16546;16612[,
,,,87,16612,
,,,88,]16612;16652[,
,,,89,16652,
,,,90,]16652;16747[,
,,,91,16747,
,,,92,]16747;16782[,
,,,93,16782,
,,,94,]16782;16813[,
,,,95,16813,
,,,96,]16813;16869[,
,,,97,16869,
,,,98,]16869;16944[,
,,,99,16944,
,,,100,]16944;16988[,
,,,101,16988,
,,,102,]16988;17037[,
,,,103,17037,
,,,104,]17037;17107[,
,,,105,17107,
,,,106,]17107;17109[,
,,,107,17109,
,,,108,]17109;17206[,
,,,109,17206,
,,,110,]17206;17243[,
,,,111,17243,
,,,112,]17243;17325[,
,,,113,17325,
,,,114,]17325;17376[,
,,,115,17376,
,,,116,]17376;17444[,
,,,117,17444,
,,,118,]17444;17480[,
,,,119,17480,
,,,120,]17480;17492[,
,,,121,17492,
,,,122,]17492;17495[,
,,,123,17495,
,,,124,]17495;17512[,
,,,125,17512,
,,,126,]17512;17596[,
,,,127,17596,
,,,128,]17596;17626[,
,,,129,17626,
,,,130,]17626;17788[,
,,,131,17788,
,,,132,]17788;17942[,
,,,133,17942,
,,,134,]17942;17961[,
,,,135,17961,
,,,136,]17961;17972[,
,,,137,17972,
,,,138,]17972;18019[,
,,,139,18019,
,,,140,]18019;18038[,
,,,141,18038,
,,,142,]18038;18073[,
,,,143,18073,
,,,144,]18073;18160[,
,,,145,18160,
,,,146,]18160;18216[,
,,,147,18216,
,,,148,]18216;18362[,
,,,149,18362,
,,,150,]18362;18420[,
,,,151,18420,
,,,152,]18420;18599[,
,,,153,18599,
,,,154,]18599;18624[,
,,,155,18624,
,,,156,]18624;18661[,
,,,157,18661,
,,,158,]18661;18788[,
,,,159,18788,
,,,160,]18788;18838[,
,,,161,18838,
,,,162,]18838;18851[,
,,,163,18851,
,,,164,]18851;19110[,
,,,165,19110,
,,,166,]19110;19228[,
,,,167,19228,
,,,168,]19228;19313[,
,,,169,19313,
,,,170,]19313;19432[,
,,,171,19432,
,,,172,]19432;19440[,
,,,173,19440,
,,,174,]19440;19788[,
,,,175,19788,
,,,176,]19788;19972[,
,,,177,19972,
,,,178,]19972;20398[,
,,,179,20398,
,,,180,]20398;20553[,
,,,181,20553,
,,,182,]20553;20600[,
,,,183,20600,
,,,184,]20600;20686[,
,,,185,20686,
,,,186,]20686;20891[,
,,,187,20891,
,,,188,]20891;20908[,
,,,189,20908,
,,,190,]20908;20980[,
,,,191,20980,
,,,192,]20980;21216[,
,,,193,21216,
,,,194,]21216;21297[,
,,,195,21297,
,,,196,]21297;21474[,
,,,197,21474,
,,,198,]21474;21552[,
,,,199,21552,
,,,200,]21552;21671[,
,,,201,21671,
,,,202,]21671;21788[,
,,,203,21788,
,,,204,]21788;22237[,
,,,205,22237,
,,,206,]22237;23689[,
,,,207,23689,
,,,208,]23689;24711[,
,,,209,24711,
,,,210,]24711;24810[,
,,,211,24810,
,,,212,]24810;24958[,
,,,213,24958,
,,,214,]24958;26169[,
,,,215,26169,
,,,216,]26169;26187[,
,,,217,26187,
,,,218,]26187;26338[,
,,,219,26338,
,,,220,]26338;26611[,
,,,221,26611,
,,,222,]26611;26747[,
,,,223,26747,
,,,224,]26747;inf[,
167,Original_Price_515,43,,,Global_Product_Line.Sliding_Stem_Family.Sliding_Stem_Valves.E_Pkg_Box_Size.easy_e.Cage_Guided_E.T_Trim.ET.Original_Price.Original_Price_515
,,,0,]-inf;0[,
,,,1,0,
,,,2,]0;1031[,
,,,3,1031,
,,,4,]1031;1757[,
,,,5,1757,
,,,6,]1757;6239[,
,,,7,6239,
,,,8,]6239;7258[,
,,,9,7258,
,,,10,]7258;11230[,
,,,11,11230,
,,,12,]11230;12708[,
,,,13,12708,
,,,14,]12708;19215[,
,,,15,19215,
,,,16,]19215;19766[,
,,,17,19766,
,,,18,]19766;19971[,
,,,19,19971,
,,,20,]19971;20614[,
,,,21,20614,
,,,22,]20614;20881[,
,,,23,20881,
,,,24,]20881;21401[,
,,,25,21401,
,,,26,]21401;22855[,
,,,27,22855,
,,,28,]22855;23828[,
,,,29,23828,
,,,30,]23828;24419[,
,,,31,24419,
,,,32,]24419;24603[,
,,,33,24603,
,,,34,]24603;25306[,
,,,35,25306,
,,,36,]25306;25529[,
,,,37,25529,
,,,38,]25529;25695[,
,,,39,25695,
,,,40,]25695;26253[,
,,,41,26253,
,,,42,]26253;inf[,
168,Original_Price_519,7,,,Global_Product_Line.Sliding_Stem_Family.Sliding_Stem_Valves.E_Pkg_Box_Size.easy_e.Cage_Guided_E.T_Trim.ET.Original_Price.Original_Price_519
,,,0,]-inf;0[,
,,,1,0,
,,,2,]0;16240[,
,,,3,16240,
,,,4,]16240;17013[,
,,,5,17013,
,,,6,]17013;inf[,
169,Original_Price_4745,9,,,Global_Product_Line.Sliding_Stem_Family.Sliding_Stem_Valves.E_Pkg_Box_Size.easy_e.Cage_Guided_E.T_Trim.ET.Original_Price.Original_Price_4745
,,,0,]-inf;0[,
,,,1,0,
,,,2,]0;14547[,
,,,3,14547,
,,,4,]14547;14603[,
,,,5,14603,
,,,6,]14603;15578[,
,,,7,15578,
,,,8,]15578;inf[,
170,Original_Price_28665,13,,,Global_Product_Line.Sliding_Stem_Family.Sliding_Stem_Valves.E_Pkg_Box_Size.easy_e.Cage_Guided_E.T_Trim.ET.Original_Price.Original_Price_28665
,,,0,]-inf;0[,
,,,1,0,
,,,2,]0;15179[,
,,,3,15179,
,,,4,]15179;15324[,
,,,5,15324,
,,,6,]15324;15543[,
,,,7,15543,
,,,8,]15543;15608[,
,,,9,15608,
,,,10,]15608;16131[,
,,,11,16131,
,,,12,]16131;inf[,
171,Original_Price_368,5,,,Global_Product_Line.Sliding_Stem_Family.Sliding_Stem_Valves.E_Pkg_Box_Size.easy_e.Cage_Guided_E.T_Trim.ET.Original_Price.Original_Price_368
,,,0,]-inf;0[,
,,,1,0,
,,,2,]0;19041[,
,,,3,19041,
,,,4,]19041;inf[,
172,Original_Price_7060,5,,,Global_Product_Line.Sliding_Stem_Family.Sliding_Stem_Valves.E_Pkg_Box_Size.easy_e.Cage_Guided_E.T_Trim.ET.Original_Price.Original_Price_7060
,,,0,]-inf;0[,
,,,1,0,
,,,2,]0;17060[,
,,,3,17060,
,,,4,]17060;inf[,
173,Original_Price_24894,51,,,Global_Product_Line.Sliding_Stem_Family.Sliding_Stem_Valves.E_Pkg_Box_Size.easy_e.Cage_Guided_E.T_Trim.ET.Original_Price.Original_Price_24894
,,,0,]-inf;0[,
,,,1,0,
,,,2,]0;2777[,
,,,3,2777,
,,,4,]2777;3106[,
,,,5,3106,
,,,6,]3106;4114[,
,,,7,4114,
,,,8,]4114;4854[,
,,,9,4854,
,,,10,]4854;13373[,
,,,11,13373,
,,,12,]13373;15753[,
,,,13,15753,
,,,14,]15753;16069[,
,,,15,16069,
,,,16,]16069;16501[,
,,,17,16501,
,,,18,]16501;16947[,
,,,19,16947,
,,,20,]16947;17515[,
,,,21,17515,
,,,22,]17515;18412[,
,,,23,18412,
,,,24,]18412;18550[,
,,,25,18550,
,,,26,]18550;18674[,
,,,27,18674,
,,,28,]18674;18823[,
,,,29,18823,
,,,30,]18823;18961[,
,,,31,18961,
,,,32,]18961;21464[,
,,,33,21464,
,,,34,]21464;22343[,
,,,35,22343,
,,,36,]22343;22518[,
,,,37,22518,
,,,38,]22518;22843[,
,,,39,22843,
,,,40,]22843;25859[,
,,,41,25859,
,,,42,]25859;26082[,
,,,43,26082,
,,,44,]26082;26317[,
,,,45,26317,
,,,46,]26317;26549[,
,,,47,26549,
,,,48,]26549;26572[,
,,,49,26572,
,,,50,]26572;inf[,
174,Original_Price_26443,123,,,Global_Product_Line.Sliding_Stem_Family.Sliding_Stem_Valves.E_Pkg_Box_Size.easy_e.Cage_Guided_E.T_Trim.ET.Original_Price.Original_Price_26443
,,,0,]-inf;0[,
,,,1,0,
,,,2,]0;100[,
,,,3,100,
,,,4,]100;14480[,
,,,5,14480,
,,,6,]14480;14496[,
,,,7,14496,
,,,8,]14496;14520[,
,,,9,14520,
,,,10,]14520;14531[,
,,,11,14531,
,,,12,]14531;14550[,
,,,13,14550,
,,,14,]14550;14585[,
,,,15,14585,
,,,16,]14585;14595[,
,,,17,14595,
,,,18,]14595;14675[,
,,,19,14675,
,,,20,]14675;14840[,
,,,21,14840,
,,,22,]14840;14935[,
,,,23,14935,
,,,24,]14935;14966[,
,,,25,14966,
,,,26,]14966;14984[,
,,,27,14984,
,,,28,]14984;15111[,
,,,29,15111,
,,,30,]15111;15159[,
,,,31,15159,
,,,32,]15159;15197[,
,,,33,15197,
,,,34,]15197;15237[,
,,,35,15237,
,,,36,]15237;15256[,
,,,37,15256,
,,,38,]15256;15312[,
,,,39,15312,
,,,40,]15312;15384[,
,,,41,15384,
,,,42,]15384;15408[,
,,,43,15408,
,,,44,]15408;15476[,
,,,45,15476,
,,,46,]15476;15542[,
,,,47,15542,
,,,48,]15542;15681[,
,,,49,15681,
,,,50,]15681;15732[,
,,,51,15732,
,,,52,]15732;15739[,
,,,53,15739,
,,,54,]15739;15774[,
,,,55,15774,
,,,56,]15774;15839[,
,,,57,15839,
,,,58,]15839;15910[,
,,,59,15910,
,,,60,]15910;15934[,
,,,61,15934,
,,,62,]15934;15953[,
,,,63,15953,
,,,64,]15953;16004[,
,,,65,16004,
,,,66,]16004;16011[,
,,,67,16011,
,,,68,]16011;16019[,
,,,69,16019,
,,,70,]16019;16036[,
,,,71,16036,
,,,72,]16036;16052[,
,,,73,16052,
,,,74,]16052;16104[,
,,,75,16104,
,,,76,]16104;16223[,
,,,77,16223,
,,,78,]16223;16255[,
,,,79,16255,
,,,80,]16255;16360[,
,,,81,16360,
,,,82,]16360;16408[,
,,,83,16408,
,,,84,]16408;16426[,
,,,85,16426,
,,,86,]16426;16460[,
,,,87,16460,
,,,88,]16460;16495[,
,,,89,16495,
,,,90,]16495;16509[,
,,,91,16509,
,,,92,]16509;16564[,
,,,93,16564,
,,,94,]16564;16612[,
,,,95,16612,
,,,96,]16612;16665[,
,,,97,16665,
,,,98,]16665;16803[,
,,,99,16803,
,,,100,]16803;16937[,
,,,101,16937,
,,,102,]16937;17003[,
,,,103,17003,
,,,104,]17003;17174[,
,,,105,17174,
,,,106,]17174;17206[,
,,,107,17206,
,,,108,]17206;17274[,
,,,109,17274,
,,,110,]17274;17444[,
,,,111,17444,
,,,112,]17444;17480[,
,,,113,17480,
,,,114,]17480;17715[,
,,,115,17715,
,,,116,]17715;17788[,
,,,117,17788,
,,,118,]17788;18260[,
,,,119,18260,
,,,120,]18260;19227[,
,,,121,19227,
,,,122,]19227;inf[,
175,Original_Price_44154,33,,,Global_Product_Line.Sliding_Stem_Family.Sliding_Stem_Valves.E_Pkg_Box_Size.easy_e.Cage_Guided_E.T_Trim.ET.Original_Price.Original_Price_44154
,,,0,]-inf;0[,
,,,1,0,
,,,2,]0;235[,
,,,3,235,
,,,4,]235;783[,
,,,5,783,
,,,6,]783;1198[,
,,,7,1198,
,,,8,]1198;5147[,
,,,9,5147,
,,,10,]5147;7383[,
,,,11,7383,
,,,12,]7383;7641[,
,,,13,7641,
,,,14,]7641;10857[,
,,,15,10857,
,,,16,]10857;17554[,
,,,17,17554,
,,,18,]17554;18150[,
,,,19,18150,
,,,20,]18150;18822[,
,,,21,18822,
,,,22,]18822;19114[,
,,,23,19114,
,,,24,]19114;20482[,
,,,25,20482,
,,,26,]20482;20675[,
,,,27,20675,
,,,28,]20675;22028[,
,,,29,22028,
,,,30,]22028;27107[,
,,,31,27107,
,,,32,]27107;inf[,
176,Original_Price_47803,65,,,Global_Product_Line.Sliding_Stem_Family.Sliding_Stem_Valves.E_Pkg_Box_Size.easy_e.Cage_Guided_E.T_Trim.ET.Original_Price.Original_Price_47803
,,,0,]-inf;0[,
,,,1,0,
,,,2,]0;1387[,
,,,3,1387,
,,,4,]1387;1583[,
,,,5,1583,
,,,6,]1583;12979[,
,,,7,12979,
,,,8,]12979;12980[,
,,,9,12980,
,,,10,]12980;13756[,
,,,11,13756,
,,,12,]13756;19125[,
,,,13,19125,
,,,14,]19125;19345[,
,,,15,19345,
,,,16,]19345;20351[,
,,,17,20351,
,,,18,]20351;21583[,
,,,19,21583,
,,,20,]21583;21826[,
,,,21,21826,
,,,22,]21826;21940[,
,,,23,21940,
,,,24,]21940;22197[,
,,,25,22197,
,,,26,]22197;22211[,
,,,27,22211,
,,,28,]22211;22446[,
,,,29,22446,
,,,30,]22446;22694[,
,,,31,22694,
,,,32,]22694;23246[,
,,,33,23246,
,,,34,]23246;23453[,
,,,35,23453,
,,,36,]23453;24139[,
,,,37,24139,
,,,38,]24139;24330[,
,,,39,24330,
,,,40,]24330;24369[,
,,,41,24369,
,,,42,]24369;24580[,
,,,43,24580,
,,,44,]24580;25707[,
,,,45,25707,
,,,46,]25707;26133[,
,,,47,26133,
,,,48,]26133;26273[,
,,,49,26273,
,,,50,]26273;26337[,
,,,51,26337,
,,,52,]26337;26696[,
,,,53,26696,
,,,54,]26696;26721[,
,,,55,26721,
,,,56,]26721;26925[,
,,,57,26925,
,,,58,]26925;27378[,
,,,59,27378,
,,,60,]27378;27573[,
,,,61,27573,
,,,62,]27573;9999999[,
,,,63,9999999,
,,,64,]9999999;inf[,
177,Original_Price_49438,173,,,Global_Product_Line.Sliding_Stem_Family.Sliding_Stem_Valves.E_Pkg_Box_Size.easy_e.Cage_Guided_E.T_Trim.ET.Original_Price.Original_Price_49438
,,,0,]-inf;0[,
,,,1,0,
,,,2,]0;151[,
,,,3,151,
,,,4,]151;595[,
,,,5,595,
,,,6,]595;617[,
,,,7,617,
,,,8,]617;872[,
,,,9,872,
,,,10,]872;1387[,
,,,11,1387,
,,,12,]1387;1608[,
,,,13,1608,
,,,14,]1608;5508[,
,,,15,5508,
,,,16,]5508;5746[,
,,,17,5746,
,,,18,]5746;6100[,
,,,19,6100,
,,,20,]6100;6388[,
,,,21,6388,
,,,22,]6388;6766[,
,,,23,6766,
,,,24,]6766;7837[,
,,,25,7837,
,,,26,]7837;8341[,
,,,27,8341,
,,,28,]8341;10509[,
,,,29,10509,
,,,30,]10509;12979[,
,,,31,12979,
,,,32,]12979;13001[,
,,,33,13001,
,,,34,]13001;14023[,
,,,35,14023,
,,,36,]14023;14377[,
,,,37,14377,
,,,38,]14377;17624[,
,,,39,17624,
,,,40,]17624;17993[,
,,,41,17993,
,,,42,]17993;18383[,
,,,43,18383,
,,,44,]18383;18611[,
,,,45,18611,
,,,46,]18611;18698[,
,,,47,18698,
,,,48,]18698;19125[,
,,,49,19125,
,,,50,]19125;20351[,
,,,51,20351,
,,,52,]20351;20363[,
,,,53,20363,
,,,54,]20363;20622[,
,,,55,20622,
,,,56,]20622;20945[,
,,,57,20945,
,,,58,]20945;21161[,
,,,59,21161,
,,,60,]21161;21357[,
,,,61,21357,
,,,62,]21357;21583[,
,,,63,21583,
,,,64,]21583;21600[,
,,,65,21600,
,,,66,]21600;21774[,
,,,67,21774,
,,,68,]21774;21940[,
,,,69,21940,
,,,70,]21940;22012[,
,,,71,22012,
,,,72,]22012;22446[,
,,,73,22446,
,,,74,]22446;22454[,
,,,75,22454,
,,,76,]22454;22512[,
,,,77,22512,
,,,78,]22512;22528[,
,,,79,22528,
,,,80,]22528;22740[,
,,,81,22740,
,,,82,]22740;22919[,
,,,83,22919,
,,,84,]22919;23246[,
,,,85,23246,
,,,86,]23246;23771[,
,,,87,23771,
,,,88,]23771;23887[,
,,,89,23887,
,,,90,]23887;24107[,
,,,91,24107,
,,,92,]24107;24139[,
,,,93,24139,
,,,94,]24139;24369[,
,,,95,24369,
,,,96,]24369;24404[,
,,,97,24404,
,,,98,]24404;24598[,
,,,99,24598,
,,,100,]24598;24600[,
,,,101,24600,
,,,102,]24600;24653[,
,,,103,24653,
,,,104,]24653;24831[,
,,,105,24831,
,,,106,]24831;25068[,
,,,107,25068,
,,,108,]25068;25146[,
,,,109,25146,
,,,110,]25146;25201[,
,,,111,25201,
,,,112,]25201;25261[,
,,,113,25261,
,,,114,]25261;25398[,
,,,115,25398,
,,,116,]25398;25515[,
,,,117,25515,
,,,118,]25515;25680[,
,,,119,25680,
,,,120,]25680;25707[,
,,,121,25707,
,,,122,]25707;25881[,
,,,123,25881,
,,,124,]25881;26008[,
,,,125,26008,
,,,126,]26008;26135[,
,,,127,26135,
,,,128,]26135;26219[,
,,,129,26219,
,,,130,]26219;26566[,
,,,131,26566,
,,,132,]26566;26696[,
,,,133,26696,
,,,134,]26696;26777[,
,,,135,26777,
,,,136,]26777;26925[,
,,,137,26925,
,,,138,]26925;27030[,
,,,139,27030,
,,,140,]27030;27147[,
,,,141,27147,
,,,142,]27147;27169[,
,,,143,27169,
,,,144,]27169;27414[,
,,,145,27414,
,,,146,]27414;28040[,
,,,147,28040,
,,,148,]28040;28063[,
,,,149,28063,
,,,150,]28063;28178[,
,,,151,28178,
,,,152,]28178;28421[,
,,,153,28421,
,,,154,]28421;28523[,
,,,155,28523,
,,,156,]28523;28702[,
,,,157,28702,
,,,158,]28702;28743[,
,,,159,28743,
,,,160,]28743;33562[,
,,,161,33562,
,,,162,]33562;33564[,
,,,163,33564,
,,,164,]33564;37525[,
,,,165,37525,
,,,166,]37525;40946[,
,,,167,40946,
,,,168,]40946;45024[,
,,,169,45024,
,,,170,]45024;46187[,
,,,171,46187,
,,,172,]46187;inf[,
178,Original_Price_49439,5,,,Global_Product_Line.Sliding_Stem_Family.Sliding_Stem_Valves.E_Pkg_Box_Size.easy_e.Cage_Guided_E.T_Trim.ET.Original_Price.Original_Price_49439
,,,0,]-inf;0[,
,,,1,0,
,,,2,]0;9999999[,
,,,3,9999999,
,,,4,]9999999;inf[,
179,Original_Price_383,35,,,Global_Product_Line.Sliding_Stem_Family.Sliding_Stem_Valves.E_Pkg_Box_Size.easy_e.Cage_Guided_E.T_Trim.ET.Original_Price.Original_Price_383
,,,0,]-inf;0[,
,,,1,0,
,,,2,]0;15405[,
,,,3,15405,
,,,4,]15405;15496[,
,,,5,15496,
,,,6,]15496;15603[,
,,,7,15603,
,,,8,]15603;15685[,
,,,9,15685,
,,,10,]15685;16021[,
,,,11,16021,
,,,12,]16021;16234[,
,,,13,16234,
,,,14,]16234;16418[,
,,,15,16418,
,,,16,]16418;16520[,
,,,17,16520,
,,,18,]16520;16581[,
,,,19,16581,
,,,20,]16581;16606[,
,,,21,16606,
,,,22,]16606;16763[,
,,,23,16763,
,,,24,]16763;17069[,
,,,25,17069,
,,,26,]17069;17615[,
,,,27,17615,
,,,28,]17615;18072[,
,,,29,18072,
,,,30,]18072;18682[,
,,,31,18682,
,,,32,]18682;19049[,
,,,33,19049,
,,,34,]19049;inf[,
180,Original_Price_23873,9,,,Global_Product_Line.Sliding_Stem_Family.Sliding_Stem_Valves.E_Pkg_Box_Size.easy_e.Cage_Guided_E.T_Trim.ET.Original_Price.Original_Price_23873
,,,0,]-inf;0[,
,,,1,0,
,,,2,]0;100[,
,,,3,100,
,,,4,]100;14606[,
,,,5,14606,
,,,6,]14606;14784[,
,,,7,14784,
,,,8,]14784;inf[,
181,Original_Price_30764,15,,,Global_Product_Line.Sliding_Stem_Family.Sliding_Stem_Valves.E_Pkg_Box_Size.easy_e.Cage_Guided_E.T_Trim.ET.Original_Price.Original_Price_30764
,,,0,]-inf;0[,
,,,1,0,
,,,2,]0;14815[,
,,,3,14815,
,,,4,]14815;14856[,
,,,5,14856,
,,,6,]14856;14995[,
,,,7,14995,
,,,8,]14995;15216[,
,,,9,15216,
,,,10,]15216;15410[,
,,,11,15410,
,,,12,]15410;15841[,
,,,13,15841,
,,,14,]15841;inf[,
182,Original_Price_34980,33,,,Global_Product_Line.Sliding_Stem_Family.Sliding_Stem_Valves.E_Pkg_Box_Size.easy_e.Cage_Guided_E.T_Trim.ET.Original_Price.Original_Price_34980
,,,0,]-inf;0[,
,,,1,0,
,,,2,]0;16019[,
,,,3,16019,
,,,4,]16019;16116[,
,,,5,16116,
,,,6,]16116;16169[,
,,,7,16169,
,,,8,]16169;16217[,
,,,9,16217,
,,,10,]16217;16269[,
,,,11,16269,
,,,12,]16269;16315[,
,,,13,16315,
,,,14,]16315;16421[,
,,,15,16421,
,,,16,]16421;16467[,
,,,17,16467,
,,,18,]16467;16944[,
,,,19,16944,
,,,20,]16944;17276[,
,,,21,17276,
,,,22,]17276;17448[,
,,,23,17448,
,,,24,]17448;18139[,
,,,25,18139,
,,,26,]18139;18289[,
,,,27,18289,
,,,28,]18289;18786[,
,,,29,18786,
,,,30,]18786;20268[,
,,,31,20268,
,,,32,]20268;inf[,
183,Original_Price_24659,49,,,Global_Product_Line.Sliding_Stem_Family.Sliding_Stem_Valves.E_Pkg_Box_Size.easy_e.Cage_Guided_E.T_Trim.ET.Original_Price.Original_Price_24659
,,,0,]-inf;0[,
,,,1,0,
,,,2,]0;14868[,
,,,3,14868,
,,,4,]14868;14893[,
,,,5,14893,
,,,6,]14893;14919[,
,,,7,14919,
,,,8,]14919;14949[,
,,,9,14949,
,,,10,]14949;14966[,
,,,11,14966,
,,,12,]14966;15036[,
,,,13,15036,
,,,14,]15036;15077[,
,,,15,15077,
,,,16,]15077;15082[,
,,,17,15082,
,,,18,]15082;15089[,
,,,19,15089,
,,,20,]15089;15135[,
,,,21,15135,
,,,22,]15135;15143[,
,,,23,15143,
,,,24,]15143;15190[,
,,,25,15190,
,,,26,]15190;15194[,
,,,27,15194,
,,,28,]15194;15214[,
,,,29,15214,
,,,30,]15214;15241[,
,,,31,15241,
,,,32,]15241;15265[,
,,,33,15265,
,,,34,]15265;15297[,
,,,35,15297,
,,,36,]15297;15445[,
,,,37,15445,
,,,38,]15445;15644[,
,,,39,15644,
,,,40,]15644;15915[,
,,,41,15915,
,,,42,]15915;16302[,
,,,43,16302,
,,,44,]16302;16926[,
,,,45,16926,
,,,46,]16926;18739[,
,,,47,18739,
,,,48,]18739;inf[,
184,Original_Price_24660,89,,,Global_Product_Line.Sliding_Stem_Family.Sliding_Stem_Valves.E_Pkg_Box_Size.easy_e.Cage_Guided_E.T_Trim.ET.Original_Price.Original_Price_24660
,,,0,]-inf;0[,
,,,1,0,
,,,2,]0;2026[,
,,,3,2026,
,,,4,]2026;14720[,
,,,5,14720,
,,,6,]14720;14941[,
,,,7,14941,
,,,8,]14941;15023[,
,,,9,15023,
,,,10,]15023;15059[,
,,,11,15059,
,,,12,]15059;15315[,
,,,13,15315,
,,,14,]15315;15382[,
,,,15,15382,
,,,16,]15382;15538[,
,,,17,15538,
,,,18,]15538;15650[,
,,,19,15650,
,,,20,]15650;15661[,
,,,21,15661,
,,,22,]15661;15674[,
,,,23,15674,
,,,24,]15674;15864[,
,,,25,15864,
,,,26,]15864;16008[,
,,,27,16008,
,,,28,]16008;16059[,
,,,29,16059,
,,,30,]16059;16500[,
,,,31,16500,
,,,32,]16500;16527[,
,,,33,16527,
,,,34,]16527;16607[,
,,,35,16607,
,,,36,]16607;16654[,
,,,37,16654,
,,,38,]16654;16686[,
,,,39,16686,
,,,40,]16686;16767[,
,,,41,16767,
,,,42,]16767;16875[,
,,,43,16875,
,,,44,]16875;16896[,
,,,45,16896,
,,,46,]16896;17360[,
,,,47,17360,
,,,48,]17360;17486[,
,,,49,17486,
,,,50,]17486;17572[,
,,,51,17572,
,,,52,]17572;17878[,
,,,53,17878,
,,,54,]17878;17922[,
,,,55,17922,
,,,56,]17922;17973[,
,,,57,17973,
,,,58,]17973;18075[,
,,,59,18075,
,,,60,]18075;18092[,
,,,61,18092,
,,,62,]18092;18182[,
,,,63,18182,
,,,64,]18182;18740[,
,,,65,18740,
,,,66,]18740;19015[,
,,,67,19015,
,,,68,]19015;19148[,
,,,69,19148,
,,,70,]19148;19754[,
,,,71,19754,
,,,72,]19754;20065[,
,,,73,20065,
,,,74,]20065;20148[,
,,,75,20148,
,,,76,]20148;20362[,
,,,77,20362,
,,,78,]20362;20394[,
,,,79,20394,
,,,80,]20394;21872[,
,,,81,21872,
,,,82,]21872;22780[,
,,,83,22780,
,,,84,]22780;22787[,
,,,85,22787,
,,,86,]22787;26529[,
,,,87,26529,
,,,88,]26529;inf[,
185,Original_Price_32773,47,,,Global_Product_Line.Sliding_Stem_Family.Sliding_Stem_Valves.E_Pkg_Box_Size.easy_e.Cage_Guided_E.T_Trim.ET.Original_Price.Original_Price_32773
,,,0,]-inf;0[,
,,,1,0,
,,,2,]0;14945[,
,,,3,14945,
,,,4,]14945;15006[,
,,,5,15006,
,,,6,]15006;15034[,
,,,7,15034,
,,,8,]15034;15042[,
,,,9,15042,
,,,10,]15042;15537[,
,,,11,15537,
,,,12,]15537;15639[,
,,,13,15639,
,,,14,]15639;15892[,
,,,15,15892,
,,,16,]15892;16171[,
,,,17,16171,
,,,18,]16171;16343[,
,,,19,16343,
,,,20,]16343;16391[,
,,,21,16391,
,,,22,]16391;16429[,
,,,23,16429,
,,,24,]16429;16502[,
,,,25,16502,
,,,26,]16502;16544[,
,,,27,16544,
,,,28,]16544;16565[,
,,,29,16565,
,,,30,]16565;16670[,
,,,31,16670,
,,,32,]16670;16671[,
,,,33,16671,
,,,34,]16671;16728[,
,,,35,16728,
,,,36,]16728;16883[,
,,,37,16883,
,,,38,]16883;17503[,
,,,39,17503,
,,,40,]17503;17679[,
,,,41,17679,
,,,42,]17679;17695[,
,,,43,17695,
,,,44,]17695;17780[,
,,,45,17780,
,,,46,]17780;inf[,
186,Original_Price_34982,9,,,Global_Product_Line.Sliding_Stem_Family.Sliding_Stem_Valves.E_Pkg_Box_Size.easy_e.Cage_Guided_E.T_Trim.ET.Original_Price.Original_Price_34982
,,,0,]-inf;0[,
,,,1,0,
,,,2,]0;13769[,
,,,3,13769,
,,,4,]13769;13875[,
,,,5,13875,
,,,6,]13875;13917[,
,,,7,13917,
,,,8,]13917;inf[,
187,Original_Price_35057,9,,,Global_Product_Line.Sliding_Stem_Family.Sliding_Stem_Valves.E_Pkg_Box_Size.easy_e.Cage_Guided_E.T_Trim.ET.Original_Price.Original_Price_35057
,,,0,]-inf;0[,
,,,1,0,
,,,2,]0;11115[,
,,,3,11115,
,,,4,]11115;11131[,
,,,5,11131,
,,,6,]11131;12308[,
,,,7,12308,
,,,8,]12308;inf[,
188,Original_Price_39571,5,,,Global_Product_Line.Sliding_Stem_Family.Sliding_Stem_Valves.E_Pkg_Box_Size.easy_e.Cage_Guided_E.T_Trim.ET.Original_Price.Original_Price_39571
,,,0,]-inf;0[,
,,,1,0,
,,,2,]0;11115[,
,,,3,11115,
,,,4,]11115;inf[,
189,Original_Price_40920,9,,,Global_Product_Line.Sliding_Stem_Family.Sliding_Stem_Valves.E_Pkg_Box_Size.easy_e.Cage_Guided_E.T_Trim.ET.Original_Price.Original_Price_40920
,,,0,]-inf;0[,
,,,1,0,
,,,2,]0;14657[,
,,,3,14657,
,,,4,]14657;14787[,
,,,5,14787,
,,,6,]14787;14938[,
,,,7,14938,
,,,8,]14938;inf[,
190,Original_Price_40921,19,,,Global_Product_Line.Sliding_Stem_Family.Sliding_Stem_Valves.E_Pkg_Box_Size.easy_e.Cage_Guided_E.T_Trim.ET.Original_Price.Original_Price_40921
,,,0,]-inf;0[,
,,,1,0,
,,,2,]0;14720[,
,,,3,14720,
,,,4,]14720;14941[,
,,,5,14941,
,,,6,]14941;14949[,
,,,7,14949,
,,,8,]14949;15023[,
,,,9,15023,
,,,10,]15023;15170[,
,,,11,15170,
,,,12,]15170;15596[,
,,,13,15596,
,,,14,]15596;16591[,
,,,15,16591,
,,,16,]16591;17297[,
,,,17,17297,
,,,18,]17297;inf[,
191,Original_Price_43363,5,,,Global_Product_Line.Sliding_Stem_Family.Sliding_Stem_Valves.E_Pkg_Box_Size.easy_e.Cage_Guided_E.T_Trim.ET.Original_Price.Original_Price_43363
,,,0,]-inf;0[,
,,,1,0,
,,,2,]0;100[,
,,,3,100,
,,,4,]100;inf[,
192,Original_Price_43535,7,,,Global_Product_Line.Sliding_Stem_Family.Sliding_Stem_Valves.E_Pkg_Box_Size.easy_e.Cage_Guided_E.T_Trim.ET.Original_Price.Original_Price_43535
,,,0,]-inf;0[,
,,,1,0,
,,,2,]0;15948[,
,,,3,15948,
,,,4,]15948;16921[,
,,,5,16921,
,,,6,]16921;inf[,
193,Original_Price_43536,5,,,Global_Product_Line.Sliding_Stem_Family.Sliding_Stem_Valves.E_Pkg_Box_Size.easy_e.Cage_Guided_E.T_Trim.ET.Original_Price.Original_Price_43536
,,,0,]-inf;0[,
,,,1,0,
,,,2,]0;16693[,
,,,3,16693,
,,,4,]16693;inf[,
194,Original_Price_43537,9,,,Global_Product_Line.Sliding_Stem_Family.Sliding_Stem_Valves.E_Pkg_Box_Size.easy_e.Cage_Guided_E.T_Trim.ET.Original_Price.Original_Price_43537
,,,0,]-inf;0[,
,,,1,0,
,,,2,]0;14887[,
,,,3,14887,
,,,4,]14887;16222[,
,,,5,16222,
,,,6,]16222;16402[,
,,,7,16402,
,,,8,]16402;inf[,
195,Original_Price_49163,21,,,Global_Product_Line.Sliding_Stem_Family.Sliding_Stem_Valves.E_Pkg_Box_Size.easy_e.Cage_Guided_E.T_Trim.ET.Original_Price.Original_Price_49163
,,,0,]-inf;-4854[,
,,,1,-4854,
,,,2,]-4854;0[,
,,,3,0,
,,,4,]0;2493[,
,,,5,2493,
,,,6,]2493;5967[,
,,,7,5967,
,,,8,]5967;9987[,
,,,9,9987,
,,,10,]9987;11295[,
,,,11,11295,
,,,12,]11295;11863[,
,,,13,11863,
,,,14,]11863;12309[,
,,,15,12309,
,,,16,]12309;12741[,
,,,17,12741,
,,,18,]12741;13057[,
,,,19,13057,
,,,20,]13057;inf[,
196,Original_Price_52363,263,,,Global_Product_Line.Sliding_Stem_Family.Sliding_Stem_Valves.E_Pkg_Box_Size.easy_e.Cage_Guided_E.T_Trim.ET.Original_Price.Original_Price_52363
,,,0,]-inf;0[,
,,,1,0,
,,,2,]0;566[,
,,,3,566,
,,,4,]566;13947[,
,,,5,13947,
,,,6,]13947;14127[,
,,,7,14127,
,,,8,]14127;14260[,
,,,9,14260,
,,,10,]14260;14269[,
,,,11,14269,
,,,12,]14269;14293[,
,,,13,14293,
,,,14,]14293;14378[,
,,,15,14378,
,,,16,]14378;14513[,
,,,17,14513,
,,,18,]14513;14562[,
,,,19,14562,
,,,20,]14562;14598[,
,,,21,14598,
,,,22,]14598;14606[,
,,,23,14606,
,,,24,]14606;14630[,
,,,25,14630,
,,,26,]14630;14637[,
,,,27,14637,
,,,28,]14637;14654[,
,,,29,14654,
,,,30,]14654;14681[,
,,,31,14681,
,,,32,]14681;14697[,
,,,33,14697,
,,,34,]14697;14720[,
,,,35,14720,
,,,36,]14720;14728[,
,,,37,14728,
,,,38,]14728;14745[,
,,,39,14745,
,,,40,]14745;14771[,
,,,41,14771,
,,,42,]14771;14819[,
,,,43,14819,
,,,44,]14819;14860[,
,,,45,14860,
,,,46,]14860;14868[,
,,,47,14868,
,,,48,]14868;14893[,
,,,49,14893,
,,,50,]14893;14935[,
,,,51,14935,
,,,52,]14935;14973[,
,,,53,14973,
,,,54,]14973;15041[,
,,,55,15041,
,,,56,]15041;15196[,
,,,57,15196,
,,,58,]15196;15211[,
,,,59,15211,
,,,60,]15211;15241[,
,,,61,15241,
,,,62,]15241;15281[,
,,,63,15281,
,,,64,]15281;15297[,
,,,65,15297,
,,,66,]15297;15369[,
,,,67,15369,
,,,68,]15369;15378[,
,,,69,15378,
,,,70,]15378;15401[,
,,,71,15401,
,,,72,]15401;15425[,
,,,73,15425,
,,,74,]15425;15427[,
,,,75,15427,
,,,76,]15427;15437[,
,,,77,15437,
,,,78,]15437;15462[,
,,,79,15462,
,,,80,]15462;15507[,
,,,81,15507,
,,,82,]15507;15538[,
,,,83,15538,
,,,84,]15538;15591[,
,,,85,15591,
,,,86,]15591;15644[,
,,,87,15644,
,,,88,]15644;15705[,
,,,89,15705,
,,,90,]15705;15741[,
,,,91,15741,
,,,92,]15741;15758[,
,,,93,15758,
,,,94,]15758;15783[,
,,,95,15783,
,,,96,]15783;15823[,
,,,97,15823,
,,,98,]15823;15863[,
,,,99,15863,
,,,100,]15863;15873[,
,,,101,15873,
,,,102,]15873;15949[,
,,,103,15949,
,,,104,]15949;15981[,
,,,105,15981,
,,,106,]15981;16013[,
,,,107,16013,
,,,108,]16013;16021[,
,,,109,16021,
,,,110,]16021;16054[,
,,,111,16054,
,,,112,]16054;16069[,
,,,113,16069,
,,,114,]16069;16070[,
,,,115,16070,
,,,116,]16070;16105[,
,,,117,16105,
,,,118,]16105;16219[,
,,,119,16219,
,,,120,]16219;16267[,
,,,121,16267,
,,,122,]16267;16273[,
,,,123,16273,
,,,124,]16273;16294[,
,,,125,16294,
,,,126,]16294;16302[,
,,,127,16302,
,,,128,]16302;16335[,
,,,129,16335,
,,,130,]16335;16383[,
,,,131,16383,
,,,132,]16383;16448[,
,,,133,16448,
,,,134,]16448;16466[,
,,,135,16466,
,,,136,]16466;16522[,
,,,137,16522,
,,,138,]16522;16588[,
,,,139,16588,
,,,140,]16588;16615[,
,,,141,16615,
,,,142,]16615;16628[,
,,,143,16628,
,,,144,]16628;16655[,
,,,145,16655,
,,,146,]16655;16673[,
,,,147,16673,
,,,148,]16673;16712[,
,,,149,16712,
,,,150,]16712;16781[,
,,,151,16781,
,,,152,]16781;16836[,
,,,153,16836,
,,,154,]16836;16845[,
,,,155,16845,
,,,156,]16845;16862[,
,,,157,16862,
,,,158,]16862;16945[,
,,,159,16945,
,,,160,]16945;17041[,
,,,161,17041,
,,,162,]17041;17075[,
,,,163,17075,
,,,164,]17075;17092[,
,,,165,17092,
,,,166,]17092;17107[,
,,,167,17107,
,,,168,]17107;17121[,
,,,169,17121,
,,,170,]17121;17178[,
,,,171,17178,
,,,172,]17178;17207[,
,,,173,17207,
,,,174,]17207;17303[,
,,,175,17303,
,,,176,]17303;17340[,
,,,177,17340,
,,,178,]17340;17358[,
,,,179,17358,
,,,180,]17358;17420[,
,,,181,17420,
,,,182,]17420;17425[,
,,,183,17425,
,,,184,]17425;17455[,
,,,185,17455,
,,,186,]17455;17486[,
,,,187,17486,
,,,188,]17486;17554[,
,,,189,17554,
,,,190,]17554;17571[,
,,,191,17571,
,,,192,]17571;17605[,
,,,193,17605,
,,,194,]17605;17758[,
,,,195,17758,
,,,196,]17758;17846[,
,,,197,17846,
,,,198,]17846;17899[,
,,,199,17899,
,,,200,]17899;17918[,
,,,201,17918,
,,,202,]17918;17930[,
,,,203,17930,
,,,204,]17930;18145[,
,,,205,18145,
,,,206,]18145;18245[,
,,,207,18245,
,,,208,]18245;18295[,
,,,209,18295,
,,,210,]18295;18440[,
,,,211,18440,
,,,212,]18440;18513[,
,,,213,18513,
,,,214,]18513;18606[,
,,,215,18606,
,,,216,]18606;18771[,
,,,217,18771,
,,,218,]18771;18836[,
,,,219,18836,
,,,220,]18836;18970[,
,,,221,18970,
,,,222,]18970;19051[,
,,,223,19051,
,,,224,]19051;19099[,
,,,225,19099,
,,,226,]19099;19135[,
,,,227,19135,
,,,228,]19135;19149[,
,,,229,19149,
,,,230,]19149;19216[,
,,,231,19216,
,,,232,]19216;19397[,
,,,233,19397,
,,,234,]19397;19428[,
,,,235,19428,
,,,236,]19428;19710[,
,,,237,19710,
,,,238,]19710;19776[,
,,,239,19776,
,,,240,]19776;20219[,
,,,241,20219,
,,,242,]20219;20896[,
,,,243,20896,
,,,244,]20896;21243[,
,,,245,21243,
,,,246,]21243;21766[,
,,,247,21766,
,,,248,]21766;22427[,
,,,249,22427,
,,,250,]22427;22541[,
,,,251,22541,
,,,252,]22541;23760[,
,,,253,23760,
,,,254,]23760;24781[,
,,,255,24781,
,,,256,]24781;27022[,
,,,257,27022,
,,,258,]27022;27826[,
,,,259,27826,
,,,260,]27826;28536[,
,,,261,28536,
,,,262,]28536;inf[,
258,Offer_Price__657,57,,,Global_Product_Line.Sliding_Stem_Family.Sliding_Stem_Actuators._657_667._657.Offer_Price__657
,,,0,]-inf;2064[,
,,,1,2064,
,,,2,]2064;15508[,
,,,3,15508,
,,,4,]15508;15578[,
,,,5,15578,
,,,6,]15578;15674[,
,,,7,15674,
,,,8,]15674;15773[,
,,,9,15773,
,,,10,]15773;15963[,
,,,11,15963,
,,,12,]15963;16060[,
,,,13,16060,
,,,14,]16060;16231[,
,,,15,16231,
,,,16,]16231;16331[,
,,,17,16331,
,,,18,]16331;16871[,
,,,19,16871,
,,,20,]16871;16951[,
,,,21,16951,
,,,22,]16951;16989[,
,,,23,16989,
,,,24,]16989;17055[,
,,,25,17055,
,,,26,]17055;17259[,
,,,27,17259,
,,,28,]17259;17340[,
,,,29,17340,
,,,30,]17340;17762[,
,,,31,17762,
,,,32,]17762;17954[,
,,,33,17954,
,,,34,]17954;18428[,
,,,35,18428,
,,,36,]18428;18696[,
,,,37,18696,
,,,38,]18696;18883[,
,,,39,18883,
,,,40,]18883;19165[,
,,,41,19165,
,,,42,]19165;19319[,
,,,43,19319,
,,,44,]19319;20314[,
,,,45,20314,
,,,46,]20314;20480[,
,,,47,20480,
,,,48,]20480;20651[,
,,,49,20651,
,,,50,]20651;22704[,
,,,51,22704,
,,,52,]22704;24206[,
,,,53,24206,
,,,54,]24206;43339[,
,,,55,43339,
,,,56,]43339;inf[,
259,Original_Price_6033,13,,,Global_Product_Line.Sliding_Stem_Family.Sliding_Stem_Actuators._657_667._657.Original_Price.Original_Price_6033
,,,0,]-inf;0[,
,,,1,0,
,,,2,]0;14459[,
,,,3,14459,
,,,4,]14459;14461[,
,,,5,14461,
,,,6,]14461;14493[,
,,,7,14493,
,,,8,]14493;14523[,
,,,9,14523,
,,,10,]14523;9999999[,
,,,11,9999999,
,,,12,]9999999;inf[,
260,Original_Price_927,13,,,Global_Product_Line.Sliding_Stem_Family.Sliding_Stem_Actuators._657_667._657.Original_Price.Original_Price_927
,,,0,]-inf;0[,
,,,1,0,
,,,2,]0;15029[,
,,,3,15029,
,,,4,]15029;15099[,
,,,5,15099,
,,,6,]15099;15214[,
,,,7,15214,
,,,8,]15214;16783[,
,,,9,16783,
,,,10,]16783;16806[,
,,,11,16806,
,,,12,]16806;inf[,
261,Original_Price_33340,7,,,Global_Product_Line.Sliding_Stem_Family.Sliding_Stem_Actuators._657_667._657.Original_Price.Original_Price_33340
,,,0,]-inf;0[,
,,,1,0,
,,,2,]0;15026[,
,,,3,15026,
,,,4,]15026;9999999[,
,,,5,9999999,
,,,6,]9999999;inf[,
262,Original_Price_48739,15,,,Global_Product_Line.Sliding_Stem_Family.Sliding_Stem_Actuators._657_667._657.Original_Price.Original_Price_48739
,,,0,]-inf;0[,
,,,1,0,
,,,2,]0;14570[,
,,,3,14570,
,,,4,]14570;14632[,
,,,5,14632,
,,,6,]14632;14653[,
,,,7,14653,
,,,8,]14653;14746[,
,,,9,14746,
,,,10,]14746;14844[,
,,,11,14844,
,,,12,]14844;15180[,
,,,13,15180,
,,,14,]15180;inf[,
263,Original_Price_48740,13,,,Global_Product_Line.Sliding_Stem_Family.Sliding_Stem_Actuators._657_667._657.Original_Price.Original_Price_48740
,,,0,]-inf;0[,
,,,1,0,
,,,2,]0;18283[,
,,,3,18283,
,,,4,]18283;18693[,
,,,5,18693,
,,,6,]18693;19505[,
,,,7,19505,
,,,8,]19505;20063[,
,,,9,20063,
,,,10,]20063;21033[,
,,,11,21033,
,,,12,]21033;inf[,
264,Original_Price_6145,37,,,Global_Product_Line.Sliding_Stem_Family.Sliding_Stem_Actuators._657_667._657.Original_Price.Original_Price_6145
,,,0,]-inf;0[,
,,,1,0,
,,,2,]0;14878[,
,,,3,14878,
,,,4,]14878;14926[,
,,,5,14926,
,,,6,]14926;15112[,
,,,7,15112,
,,,8,]15112;15276[,
,,,9,15276,
,,,10,]15276;15375[,
,,,11,15375,
,,,12,]15375;15436[,
,,,13,15436,
,,,14,]15436;15649[,
,,,15,15649,
,,,16,]15649;16692[,
,,,17,16692,
,,,18,]16692;17636[,
,,,19,17636,
,,,20,]17636;17984[,
,,,21,17984,
,,,22,]17984;18107[,
,,,23,18107,
,,,24,]18107;18207[,
,,,25,18207,
,,,26,]18207;18209[,
,,,27,18209,
,,,28,]18209;18501[,
,,,29,18501,
,,,30,]18501;20567[,
,,,31,20567,
,,,32,]20567;23798[,
,,,33,23798,
,,,34,]23798;24740[,
,,,35,24740,
,,,36,]24740;inf[,
265,Original_Price_6364,11,,,Global_Product_Line.Sliding_Stem_Family.Sliding_Stem_Actuators._657_667._657.Original_Price.Original_Price_6364
,,,0,]-inf;0[,
,,,1,0,
,,,2,]0;100[,
,,,3,100,
,,,4,]100;8734[,
,,,5,8734,
,,,6,]8734;21554[,
,,,7,21554,
,,,8,]21554;9999999[,
,,,9,9999999,
,,,10,]9999999;inf[,
266,Original_Price_42318,9,,,Global_Product_Line.Sliding_Stem_Family.Sliding_Stem_Actuators._657_667._657.Original_Price.Original_Price_42318
,,,0,]-inf;0[,
,,,1,0,
,,,2,]0;14728[,
,,,3,14728,
,,,4,]14728;15678[,
,,,5,15678,
,,,6,]15678;15720[,
,,,7,15720,
,,,8,]15720;inf[,
267,Original_Price_45906,9,,,Global_Product_Line.Sliding_Stem_Family.Sliding_Stem_Actuators._657_667._657.Original_Price.Original_Price_45906
,,,0,]-inf;0[,
,,,1,0,
,,,2,]0;14462[,
,,,3,14462,
,,,4,]14462;14871[,
,,,5,14871,
,,,6,]14871;14962[,
,,,7,14962,
,,,8,]14962;inf[,
268,Original_Price_45907,19,,,Global_Product_Line.Sliding_Stem_Family.Sliding_Stem_Actuators._657_667._657.Original_Price.Original_Price_45907
,,,0,]-inf;0[,
,,,1,0,
,,,2,]0;1276[,
,,,3,1276,
,,,4,]1276;1600[,
,,,5,1600,
,,,6,]1600;5438[,
,,,7,5438,
,,,8,]5438;16257[,
,,,9,16257,
,,,10,]16257;16540[,
,,,11,16540,
,,,12,]16540;17729[,
,,,13,17729,
,,,14,]17729;22438[,
,,,15,22438,
,,,16,]22438;26011[,
,,,17,26011,
,,,18,]26011;inf[,
